_id,CH_SYMBOL,CH_SERIES,CH_MARKET_TYPE,CH_TRADE_HIGH_PRICE,CH_TRADE_LOW_PRICE,CH_OPENING_PRICE,CH_CLOSING_PRICE,CH_LAST_TRADED_PRICE,CH_PREVIOUS_CLS_PRICE,CH_TOT_TRADED_QTY,CH_TOT_TRADED_VAL,CH_52WEEK_HIGH_PRICE,CH_52WEEK_LOW_PRICE,CH_TOTAL_TRADES,CH_ISIN,CH_TIMESTAMP,TIMESTAMP,createdAt,updatedAt,__v,COP_DELIV_QTY,COP_DELIV_PERC,VWAP,mTIMESTAMP,Rolling_Delivery
64c8f3ffa483e90006b4f624,CHOLAFIN,EQ,N,1138.45,1125.0,1135.9,1130.45,1126.0,1132.1,1034376,1169502272.65,1214.6,658.0,43302,INE121A01024,2023-08-01,2023-07-31 18:30:00+00:00,2023-08-01T12:01:03.781Z,2023-08-01T12:01:03.781Z,0,400590,38.73,1130.64,01-Aug-2023,
64c8f3fda483e90006b4ecb7,CHOLAFIN,N4,N,1018.11,1018.11,1018.11,1018.11,1018.11,1018.0,100,101811.0,1023.64,1000.0,1,INE121A07QY9,2023-08-01,2023-07-31 18:30:00+00:00,2023-08-01T12:01:01.697Z,2023-08-01T12:01:01.697Z,0,100,100.0,1018.11,01-Aug-2023,
64ca45801adbb90007bd8b9a,CHOLAFIN,EQ,N,1126.4,1073.45,1099.0,1099.4,1102.0,1130.45,9033508,9952846516.1,1214.6,658.0,256242,INE121A01024,2023-08-02,2023-08-01 18:30:00+00:00,2023-08-02T12:01:04.203Z,2023-08-02T12:01:04.203Z,0,3623255,40.11,1101.77,02-Aug-2023,
64ca457d1adbb90007bd823d,CHOLAFIN,N0,N,1024.0,1024.0,1024.0,1024.0,1024.0,1010.0,20,20480.0,1024.0,1000.0,1,INE121A07RB5,2023-08-02,2023-08-01 18:30:00+00:00,2023-08-02T12:01:01.961Z,2023-08-02T12:01:01.961Z,0,20,100.0,1024.0,02-Aug-2023,
64ca457d1adbb90007bd823e,CHOLAFIN,N2,N,1020.0,1000.51,1000.51,1020.0,1020.0,1000.5,20,20205.1,1020.0,990.0,2,INE121A07QW3,2023-08-02,2023-08-01 18:30:00+00:00,2023-08-02T12:01:01.966Z,2023-08-02T12:01:01.966Z,0,0,0.0,1010.25,02-Aug-2023,
64ca457d1adbb90007bd823f,CHOLAFIN,N4,N,1021.5,1018.01,1021.5,1018.01,1018.01,1018.11,176,179536.21,1023.64,1000.0,5,INE121A07QY9,2023-08-02,2023-08-01 18:30:00+00:00,2023-08-02T12:01:01.955Z,2023-08-02T12:01:01.955Z,0,176,100.0,1020.09,02-Aug-2023,
64ca457d1adbb90007bd8240,CHOLAFIN,N5,N,1004.0,1004.0,1004.0,1004.0,1004.0,1015.0,20,20080.0,1015.0,991.0,1,INE121A07QX1,2023-08-02,2023-08-01 18:30:00+00:00,2023-08-02T12:01:01.963Z,2023-08-02T12:01:01.963Z,0,20,100.0,1004.0,02-Aug-2023,
64cb9700aa61c7000746dbfd,CHOLAFIN,EQ,N,1106.2,1051.0,1099.95,1070.45,1072.5,1099.4,2445500,2617817863.45,1214.6,658.0,104271,INE121A01024,2023-08-03,2023-08-02 18:30:00+00:00,2023-08-03T12:01:04.337Z,2023-08-03T12:01:04.337Z,0,1118317,45.73,1070.46,03-Aug-2023,
64cb96fdaa61c7000746d2c0,CHOLAFIN,N4,N,1018.01,1018.01,1018.01,1018.01,1018.01,1018.01,2,2036.02,1023.64,1000.0,1,INE121A07QY9,2023-08-03,2023-08-02 18:30:00+00:00,2023-08-03T12:01:01.936Z,2023-08-03T12:01:01.936Z,0,2,100.0,1018.01,03-Aug-2023,
64cce88072897000075c20a9,CHOLAFIN,EQ,N,1092.0,1072.15,1083.9,1085.3,1080.75,1070.45,1562887,1690826089.95,1214.6,658.0,58484,INE121A01024,2023-08-04,2023-08-03 18:30:00+00:00,2023-08-04T12:01:04.336Z,2023-08-04T12:01:04.336Z,0,944581,60.44,1081.86,04-Aug-2023,
64cce87e72897000075c169f,CHOLAFIN,N4,N,1018.0,1018.0,1018.0,1018.0,1018.0,1018.01,198,201564.0,1023.64,1000.0,1,INE121A07QY9,2023-08-04,2023-08-03 18:30:00+00:00,2023-08-04T12:01:02.016Z,2023-08-04T12:01:02.016Z,0,198,100.0,1018.0,04-Aug-2023,
64cce87e72897000075c16a0,CHOLAFIN,N5,N,1004.0,1004.0,1004.0,1004.0,1004.0,1004.0,50,50200.0,1015.0,991.0,3,INE121A07QX1,2023-08-04,2023-08-03 18:30:00+00:00,2023-08-04T12:01:02.016Z,2023-08-04T12:01:02.016Z,0,50,100.0,1004.0,04-Aug-2023,
64d0dcff894f76000797f26a,CHOLAFIN,EQ,N,1083.8,1063.2,1082.0,1067.95,1067.05,1085.3,1332355,1426197995.15,1214.6,658.0,73814,INE121A01024,2023-08-07,2023-08-06 18:30:00+00:00,2023-08-07T12:01:03.685Z,2023-08-07T12:01:03.685Z,0,708235,53.16,1070.43,07-Aug-2023,
64d0dcfd894f76000797e902,CHOLAFIN,N5,N,1015.0,1015.0,1015.0,1015.0,1015.0,1004.0,10,10150.0,1015.0,991.0,1,INE121A07QX1,2023-08-07,2023-08-06 18:30:00+00:00,2023-08-07T12:01:01.581Z,2023-08-07T12:01:01.581Z,0,10,100.0,1015.0,07-Aug-2023,
64d22e80d81ef80007d0d226,CHOLAFIN,EQ,N,1073.3,1050.95,1067.95,1057.8,1059.45,1067.95,1948626,2064999616.35,1214.6,658.0,93624,INE121A01024,2023-08-08,2023-08-07 18:30:00+00:00,2023-08-08T12:01:04.159Z,2023-08-08T12:01:04.159Z,0,1156446,59.35,1059.72,08-Aug-2023,
64d22e7ed81ef80007d0c8bf,CHOLAFIN,N0,N,1010.0,1010.0,1010.0,1010.0,1010.0,1024.0,52,52520.0,1024.0,1000.0,2,INE121A07RB5,2023-08-08,2023-08-07 18:30:00+00:00,2023-08-08T12:01:02.226Z,2023-08-08T12:01:02.226Z,0,52,100.0,1010.0,08-Aug-2023,
64d22e7ed81ef80007d0c8c0,CHOLAFIN,N2,N,1224.0,1018.0,1224.0,1018.0,1018.0,1020.0,2,2242.0,1224.0,990.0,2,INE121A07QW3,2023-08-08,2023-08-07 18:30:00+00:00,2023-08-08T12:01:02.218Z,2023-08-08T12:01:02.218Z,0,1,50.0,1121.0,08-Aug-2023,
64d22e7ed81ef80007d0c8c1,CHOLAFIN,N4,N,1019.0,1017.0,1019.0,1017.0,1017.0,1018.0,1352,1376219.0,1023.64,1000.0,10,INE121A07QY9,2023-08-08,2023-08-07 18:30:00+00:00,2023-08-08T12:01:02.227Z,2023-08-08T12:01:02.227Z,0,1352,100.0,1017.91,08-Aug-2023,
64d22e7ed81ef80007d0c8c2,CHOLAFIN,N5,N,1045.0,1045.0,1045.0,1045.0,1045.0,1015.0,1,1045.0,1045.0,991.0,1,INE121A07QX1,2023-08-08,2023-08-07 18:30:00+00:00,2023-08-08T12:01:02.223Z,2023-08-08T12:01:02.223Z,0,1,100.0,1045.0,08-Aug-2023,
64d37fff9053d900069e5949,CHOLAFIN,EQ,N,1065.9,1049.85,1057.8,1055.65,1054.5,1057.8,847254,894659675.0,1214.6,658.0,42602,INE121A01024,2023-08-09,2023-08-08 18:30:00+00:00,2023-08-09T12:01:03.808Z,2023-08-09T12:01:03.808Z,0,463561,54.71,1055.95,09-Aug-2023,
64d37ffd9053d900069e500d,CHOLAFIN,N0,N,1003.0,1003.0,1003.0,1003.0,1003.0,1010.0,25,25075.0,1024.0,1000.0,1,INE121A07RB5,2023-08-09,2023-08-08 18:30:00+00:00,2023-08-09T12:01:01.639Z,2023-08-09T12:01:01.639Z,0,25,100.0,1003.0,09-Aug-2023,
64d37ffd9053d900069e500e,CHOLAFIN,N4,N,1018.0,1016.0,1016.0,1018.0,1018.0,1017.0,6,6098.0,1023.64,1000.0,2,INE121A07QY9,2023-08-09,2023-08-08 18:30:00+00:00,2023-08-09T12:01:01.636Z,2023-08-09T12:01:01.636Z,0,6,100.0,1016.33,09-Aug-2023,
64d37ffd9053d900069e500f,CHOLAFIN,N5,N,1015.0,1015.0,1015.0,1015.0,1015.0,1045.0,5,5075.0,1045.0,991.0,1,INE121A07QX1,2023-08-09,2023-08-08 18:30:00+00:00,2023-08-09T12:01:01.641Z,2023-08-09T12:01:01.641Z,0,5,100.0,1015.0,09-Aug-2023,
64d4d1bcf9992d00073feb5c,CHOLAFIN,EQ,N,1070.7,1038.25,1054.6,1060.25,1070.0,1055.65,2808684,2948450469.1,1214.6,658.0,62201,INE121A01024,2023-08-10,2023-08-09 18:30:00+00:00,2023-08-10T12:02:04.439Z,2023-08-10T12:02:04.439Z,0,1860712,66.25,1049.76,10-Aug-2023,
64d4d1baf9992d00073fe225,CHOLAFIN,N0,N,1003.0,1003.0,1003.0,1003.0,1003.0,1003.0,20,20060.0,1024.0,1000.0,1,INE121A07RB5,2023-08-10,2023-08-09 18:30:00+00:00,2023-08-10T12:02:02.364Z,2023-08-10T12:02:02.364Z,0,20,100.0,1003.0,10-Aug-2023,
64d622ffd81ef80007d0dee2,CHOLAFIN,EQ,N,1066.75,1040.0,1064.95,1043.25,1042.0,1060.25,1319743,1387634369.85,1214.6,658.0,39638,INE121A01024,2023-08-11,2023-08-10 18:30:00+00:00,2023-08-11T12:01:03.951Z,2023-08-11T12:01:03.951Z,0,866755,65.68,1051.44,11-Aug-2023,
64d622fdd81ef80007d0d5a4,CHOLAFIN,N4,N,1018.0,1018.0,1018.0,1018.0,1018.0,1018.0,260,264680.0,1023.64,1000.0,4,INE121A07QY9,2023-08-11,2023-08-10 18:30:00+00:00,2023-08-11T12:01:01.967Z,2023-08-11T12:01:01.967Z,0,260,100.0,1018.0,11-Aug-2023,
64d622fed81ef80007d0d710,CHOLAFIN,N6,N,1000.0,992.0,996.0,999.46,1000.0,1000.0,348564,347906314.0,1000.0,992.0,553,INE121A07RH2,2023-08-11,2023-08-10 18:30:00+00:00,2023-08-11T12:01:02.288Z,2023-08-11T12:01:02.288Z,0,340230,97.61,998.11,11-Aug-2023,
64d622fed81ef80007d0d711,CHOLAFIN,N7,N,1000.0,1000.0,1000.0,1000.0,1000.0,1000.0,5,5000.0,1000.0,1000.0,1,INE121A07RG4,2023-08-11,2023-08-10 18:30:00+00:00,2023-08-11T12:01:02.295Z,2023-08-11T12:01:02.295Z,0,5,100.0,1000.0,11-Aug-2023,
64d622fed81ef80007d0d712,CHOLAFIN,N8,N,1000.0,997.0,999.89,998.29,997.0,1000.0,245570,245485096.75,1000.0,997.0,1737,INE121A07RF6,2023-08-11,2023-08-10 18:30:00+00:00,2023-08-11T12:01:02.297Z,2023-08-11T12:01:02.297Z,0,245569,100.0,999.65,11-Aug-2023,81.059
64d622fed81ef80007d0d713,CHOLAFIN,NA,N,999.89,995.0,995.0,997.0,997.0,1000.0,14502,14454213.99,999.89,995.0,41,INE121A07RE9,2023-08-11,2023-08-10 18:30:00+00:00,2023-08-11T12:01:02.298Z,2023-08-11T12:01:02.298Z,0,13132,90.55,996.7,11-Aug-2023,82.78633333333333
64dc73a8846cee6c06872e1d,CHOLAFIN,EQ,N,1041.9,1022.1,1038.55,1037.8,1035.75,1043.25,899825,927977131.2,1214.6,658.0,41153,INE121A01024,2023-08-14,2023-08-13 18:30:00+00:00,2023-08-16T06:58:48.235Z,2023-08-16T06:58:48.235Z,0,379851,42.21,1031.29,14-Aug-2023,80.86
64dc73a6846cee6c068724df,CHOLAFIN,N4,N,1018.0,1014.0,1018.0,1014.0,1014.0,1018.0,68,69164.0,1023.64,1000.0,3,INE121A07QY9,2023-08-14,2023-08-13 18:30:00+00:00,2023-08-16T06:58:46.263Z,2023-08-16T06:58:46.263Z,0,53,77.94,1017.12,14-Aug-2023,82.121
64dc73a6846cee6c0687265a,CHOLAFIN,N6,N,999.46,994.3,999.46,994.3,994.3,999.46,226,225357.9,1000.0,992.0,3,INE121A07RH2,2023-08-14,2023-08-13 18:30:00+00:00,2023-08-16T06:58:46.634Z,2023-08-16T06:58:46.634Z,0,226,100.0,997.16,14-Aug-2023,82.121
64dc73a6846cee6c0687265b,CHOLAFIN,NA,N,999.0,994.4,999.0,998.9,998.9,997.0,294,293152.2,999.89,994.4,16,INE121A07RE9,2023-08-14,2023-08-13 18:30:00+00:00,2023-08-16T06:58:46.635Z,2023-08-16T06:58:46.635Z,0,194,65.99,997.12,14-Aug-2023,84.32066666666667
64dcba7f413f8d6c17d9d8f0,CHOLAFIN,EQ,N,1032.55,1012.5,1032.55,1017.15,1017.0,1037.8,1521299,1550031358.9,1214.6,658.0,45620,INE121A01024,2023-08-16,2023-08-15 18:30:00+00:00,2023-08-16T12:01:03.475Z,2023-08-16T12:01:03.475Z,0,885218,58.19,1018.89,16-Aug-2023,82.92699999999999
64dcba7d413f8d6c17d9d09c,CHOLAFIN,N4,N,1015.0,1014.99,1014.99,1015.0,1015.0,1014.0,377,382653.85,1023.64,1000.0,8,INE121A07QY9,2023-08-16,2023-08-15 18:30:00+00:00,2023-08-16T12:01:01.757Z,2023-08-16T12:01:01.757Z,0,377,100.0,1015.0,16-Aug-2023,82.92699999999999
64dcba7e413f8d6c17d9d1de,CHOLAFIN,N6,N,995.0,994.3,995.0,994.34,994.34,994.3,590,586716.9,1000.0,992.0,10,INE121A07RH2,2023-08-16,2023-08-15 18:30:00+00:00,2023-08-16T12:01:02.047Z,2023-08-16T12:01:02.047Z,0,590,100.0,994.44,16-Aug-2023,84.736
64dcba7e413f8d6c17d9d1df,CHOLAFIN,NA,N,1000.9,994.36,1000.9,1000.0,1000.0,998.9,237,237020.52,1000.9,994.36,10,INE121A07RE9,2023-08-16,2023-08-15 18:30:00+00:00,2023-08-16T12:01:02.056Z,2023-08-16T12:01:02.056Z,0,237,100.0,1000.09,16-Aug-2023,84.736
64de0c0030b066288ad3a543,CHOLAFIN,EQ,N,1036.3,1015.0,1017.0,1020.8,1020.0,1017.15,875661,897854080.95,1214.6,658.0,43309,INE121A01024,2023-08-17,2023-08-16 18:30:00+00:00,2023-08-17T12:01:04.405Z,2023-08-17T12:01:04.405Z,0,422452,48.24,1025.34,17-Aug-2023,84.32933333333334
64de0bfe30b066288ad39d6d,CHOLAFIN,N6,N,994.01,989.0,994.01,993.0,993.0,994.34,1664,1647513.13,1000.0,989.0,26,INE121A07RH2,2023-08-17,2023-08-16 18:30:00+00:00,2023-08-17T12:01:02.790Z,2023-08-17T12:01:02.790Z,0,1664,100.0,990.09,17-Aug-2023,84.32933333333334
64de0bfe30b066288ad39d6e,CHOLAFIN,N8,N,1002.05,995.05,995.05,1002.05,1002.05,998.29,910,911790.5,1002.05,995.05,4,INE121A07RF6,2023-08-17,2023-08-16 18:30:00+00:00,2023-08-17T12:01:02.791Z,2023-08-17T12:01:02.791Z,0,910,100.0,1001.97,17-Aug-2023,84.32933333333334
64de0bfe30b066288ad39d6f,CHOLAFIN,NA,N,1000.9,996.01,1000.9,996.01,996.01,1000.0,17,16982.93,1000.9,994.36,5,INE121A07RE9,2023-08-17,2023-08-16 18:30:00+00:00,2023-08-17T12:01:02.791Z,2023-08-17T12:01:02.791Z,0,13,76.47,999.0,17-Aug-2023,85.10633333333334
64df5d7f45861e58db66d9ae,CHOLAFIN,EQ,N,1020.0,997.25,1018.9,1016.95,1014.7,1020.8,2064231,2084090674.15,1214.6,658.0,62484,INE121A01024,2023-08-18,2023-08-17 18:30:00+00:00,2023-08-18T12:01:03.878Z,2023-08-18T12:01:03.878Z,0,1189498,57.62,1009.62,18-Aug-2023,83.69366666666666
64df5d7e45861e58db66d16b,CHOLAFIN,N6,N,993.5,989.0,993.5,990.0,990.0,993.0,721,713565.0,1000.0,989.0,17,INE121A07RH2,2023-08-18,2023-08-17 18:30:00+00:00,2023-08-18T12:01:02.181Z,2023-08-18T12:01:02.181Z,0,721,100.0,989.69,18-Aug-2023,85.04866666666666
64df5d7e45861e58db66d16c,CHOLAFIN,N7,N,1000.0,1000.0,1000.0,1000.0,1000.0,1000.0,5,5000.0,1000.0,1000.0,1,INE121A07RG4,2023-08-18,2023-08-17 18:30:00+00:00,2023-08-18T12:01:02.182Z,2023-08-18T12:01:02.182Z,0,5,100.0,1000.0,18-Aug-2023,85.04866666666666
64df5d7e45861e58db66d16d,CHOLAFIN,NA,N,1000.0,998.0,998.0,999.95,999.95,996.01,1259,1258993.7,1000.9,994.36,9,INE121A07RE9,2023-08-18,2023-08-17 18:30:00+00:00,2023-08-18T12:01:02.183Z,2023-08-18T12:01:02.183Z,0,1259,100.0,999.99,18-Aug-2023,86.71533333333333
64e351ff7669050cd3e122e3,CHOLAFIN,EQ,N,1052.25,1018.25,1028.95,1044.85,1046.85,1016.95,2226515,2320314227.65,1214.6,658.0,86076,INE121A01024,2023-08-21,2023-08-20 18:30:00+00:00,2023-08-21T12:01:03.763Z,2023-08-21T12:01:03.763Z,0,729443,32.76,1042.13,21-Aug-2023,84.47399999999999
64e351fe7669050cd3e11b00,CHOLAFIN,N6,N,1000.0,987.1,990.0,1000.0,1000.0,990.0,1221,1205497.46,1000.0,987.1,9,INE121A07RH2,2023-08-21,2023-08-20 18:30:00+00:00,2023-08-21T12:01:02.126Z,2023-08-21T12:01:02.126Z,0,1221,100.0,987.3,21-Aug-2023,84.47399999999999
64e351fe7669050cd3e11b01,CHOLAFIN,N8,N,1002.95,1002.25,1002.25,1002.6,1002.95,1002.05,8,8020.8,1002.95,995.05,2,INE121A07RF6,2023-08-21,2023-08-20 18:30:00+00:00,2023-08-21T12:01:02.123Z,2023-08-21T12:01:02.123Z,0,4,50.0,1002.6,21-Aug-2023,84.317
64e351fe7669050cd3e11b02,CHOLAFIN,NA,N,1000.8,999.95,999.97,1000.8,1000.8,999.95,1011,1010957.97,1000.9,994.36,5,INE121A07RE9,2023-08-21,2023-08-20 18:30:00+00:00,2023-08-21T12:01:02.127Z,2023-08-21T12:01:02.127Z,0,1011,100.0,999.96,21-Aug-2023,84.317
64e4a38047979abf8888b1f7,CHOLAFIN,EQ,N,1069.6,1041.0,1046.95,1062.35,1063.0,1044.85,1345173,1419742638.45,1214.6,658.0,60196,INE121A01024,2023-08-22,2023-08-21 18:30:00+00:00,2023-08-22T12:01:04.169Z,2023-08-22T12:01:04.169Z,0,393702,29.27,1055.43,22-Aug-2023,81.95933333333332
64e4a37e47979abf8888a8c0,CHOLAFIN,N4,N,1016.1,1015.0,1015.0,1015.0,1015.0,1015.0,650,659832.5,1023.64,1000.0,7,INE121A07QY9,2023-08-22,2023-08-21 18:30:00+00:00,2023-08-22T12:01:02.142Z,2023-08-22T12:01:02.142Z,0,650,100.0,1015.13,22-Aug-2023,81.95933333333332
64e4a37e47979abf8888a8c1,CHOLAFIN,N5,N,1015.0,1015.0,1015.0,1015.0,1015.0,1015.0,9,9135.0,1045.0,991.0,1,INE121A07QX1,2023-08-22,2023-08-21 18:30:00+00:00,2023-08-22T12:01:02.142Z,2023-08-22T12:01:02.142Z,0,9,100.0,1015.0,22-Aug-2023,83.08433333333332
64e4a37e47979abf8888aa36,CHOLAFIN,N6,N,997.0,988.2,997.0,988.22,988.22,1000.0,641,638055.4,1000.0,987.1,15,INE121A07RH2,2023-08-22,2023-08-21 18:30:00+00:00,2023-08-22T12:01:02.492Z,2023-08-22T12:01:02.492Z,0,641,100.0,995.41,22-Aug-2023,83.08433333333332
64e4a37e47979abf8888aa37,CHOLAFIN,N8,N,1003.13,1003.12,1003.12,1003.12,1003.13,1002.6,500,501564.5,1003.13,995.05,2,INE121A07RF6,2023-08-22,2023-08-21 18:30:00+00:00,2023-08-22T12:01:02.492Z,2023-08-22T12:01:02.492Z,0,500,100.0,1003.13,22-Aug-2023,84.22833333333332
64e4a37e47979abf8888aa38,CHOLAFIN,NA,N,1002.0,1000.1,1000.9,1000.39,1002.0,1000.8,6650,6655086.7,1002.0,994.36,11,INE121A07RE9,2023-08-22,2023-08-21 18:30:00+00:00,2023-08-22T12:01:02.493Z,2023-08-22T12:01:02.493Z,0,6650,100.0,1000.76,22-Aug-2023,84.22833333333332
64e5f4ff8ecd0bd8ed9e8967,CHOLAFIN,EQ,N,1090.05,1057.8,1062.95,1086.45,1089.0,1062.35,1946131,2096470526.55,1214.6,658.0,110049,INE121A01024,2023-08-23,2023-08-22 18:30:00+00:00,2023-08-23T12:01:03.712Z,2023-08-23T12:01:03.712Z,0,1135848,58.36,1077.25,23-Aug-2023,82.92
64e5f4fd8ecd0bd8ed9e8064,CHOLAFIN,N4,N,1018.9,1012.5,1018.9,1015.0,1015.0,1015.0,104,105450.6,1023.64,1000.0,3,INE121A07QY9,2023-08-23,2023-08-22 18:30:00+00:00,2023-08-23T12:01:01.511Z,2023-08-23T12:01:01.511Z,0,54,51.92,1013.95,23-Aug-2023,81.31733333333334
64e5f4fd8ecd0bd8ed9e8065,CHOLAFIN,N5,N,1015.0,1015.0,1015.0,1015.0,1015.0,1015.0,10,10150.0,1045.0,991.0,1,INE121A07QX1,2023-08-23,2023-08-22 18:30:00+00:00,2023-08-23T12:01:01.513Z,2023-08-23T12:01:01.513Z,0,10,100.0,1015.0,23-Aug-2023,81.31733333333334
64e5f4fd8ecd0bd8ed9e81c5,CHOLAFIN,N6,N,991.6,988.22,988.22,991.6,991.6,988.22,571,565933.0,1000.0,987.1,4,INE121A07RH2,2023-08-23,2023-08-22 18:30:00+00:00,2023-08-23T12:01:01.927Z,2023-08-23T12:01:01.927Z,0,571,100.0,991.13,23-Aug-2023,81.63233333333332
64e7467f4942f72da78c9319,CHOLAFIN,EQ,N,1105.0,1081.1,1095.0,1085.05,1081.15,1086.45,1591659,1738417582.4,1214.6,658.0,95777,INE121A01024,2023-08-24,2023-08-23 18:30:00+00:00,2023-08-24T12:01:03.780Z,2023-08-24T12:01:03.780Z,0,892058,56.05,1092.2,24-Aug-2023,82.09366666666666
64e7467d4942f72da78c899b,CHOLAFIN,N4,N,1021.0,1019.0,1019.0,1021.0,1021.0,1015.0,600,612000.0,1023.64,1000.0,6,INE121A07QY9,2023-08-24,2023-08-23 18:30:00+00:00,2023-08-24T12:01:01.506Z,2023-08-24T12:01:01.506Z,0,600,100.0,1020.0,24-Aug-2023,82.82900000000001
64e7467d4942f72da78c899c,CHOLAFIN,N5,N,1011.0,1011.0,1011.0,1011.0,1011.0,1015.0,10,10110.0,1045.0,991.0,1,INE121A07QX1,2023-08-24,2023-08-23 18:30:00+00:00,2023-08-24T12:01:01.508Z,2023-08-24T12:01:01.508Z,0,10,100.0,1011.0,24-Aug-2023,82.82900000000001
64e7467d4942f72da78c8b15,CHOLAFIN,N6,N,997.0,992.01,995.0,997.0,997.0,991.6,120,119440.2,1000.0,987.1,3,INE121A07RH2,2023-08-24,2023-08-23 18:30:00+00:00,2023-08-24T12:01:01.901Z,2023-08-24T12:01:01.901Z,0,120,100.0,995.33,24-Aug-2023,83.96266666666666
64e7467d4942f72da78c8b16,CHOLAFIN,N8,N,992.0,990.0,992.0,990.0,990.0,1003.12,100,99080.0,1003.13,990.0,3,INE121A07RF6,2023-08-24,2023-08-23 18:30:00+00:00,2023-08-24T12:01:01.907Z,2023-08-24T12:01:01.907Z,0,100,100.0,990.8,24-Aug-2023,85.35633333333334
64e7467d4942f72da78c8b17,CHOLAFIN,NA,N,1002.49,1001.5,1002.49,1001.5,1001.5,1000.39,33,33058.45,1002.49,994.36,5,INE121A07RE9,2023-08-24,2023-08-23 18:30:00+00:00,2023-08-24T12:01:01.908Z,2023-08-24T12:01:01.908Z,0,33,100.0,1001.77,24-Aug-2023,85.35633333333334
64e7467d4942f72da78c8b18,CHOLAFIN,NB,N,980.0,980.0,980.0,980.0,980.0,1000.0,50,49000.0,980.0,980.0,2,INE121A07RI0,2023-08-24,2023-08-23 18:30:00+00:00,2023-08-24T12:01:01.909Z,2023-08-24T12:01:01.909Z,0,50,100.0,980.0,24-Aug-2023,85.35633333333334
64e898009e416bb77f8c04b5,CHOLAFIN,EQ,N,1090.8,1063.75,1085.9,1082.2,1082.95,1085.05,1337630,1437849402.25,1214.6,658.0,113236,INE121A01024,2023-08-25,2023-08-24 18:30:00+00:00,2023-08-25T12:01:04.221Z,2023-08-25T12:01:04.221Z,0,687454,51.39,1074.92,25-Aug-2023,83.736
64e897fe9e416bb77f8bfb90,CHOLAFIN,N2,N,1018.0,1018.0,1018.0,1018.0,1018.0,1018.0,2,2036.0,1224.0,990.0,1,INE121A07QW3,2023-08-25,2023-08-24 18:30:00+00:00,2023-08-25T12:01:02.183Z,2023-08-25T12:01:02.183Z,0,2,100.0,1018.0,25-Aug-2023,85.46133333333334
65423dff637fbcb8f0f3d54b,CHOLAFIN,EQ,N,1164.0,1135.2,1142.95,1149.0,1143.55,1137.3,1196729,1371646285.1,1272.9,658.0,65850,INE121A01024,2023-11-01,2023-10-31 18:30:00+00:00,2023-11-01T12:01:03.708Z,2023-11-01T12:01:03.708Z,0,757191,63.27,1146.16,01-Nov-2023,84.23700000000001
65423dfd637fbcb8f0f3cc19,CHOLAFIN,N0,N,1030.01,1025.01,1025.01,1030.0,1030.0,1039.0,149,153200.95,1044.0,1000.0,5,INE121A07RB5,2023-11-01,2023-10-31 18:30:00+00:00,2023-11-01T12:01:01.469Z,2023-11-01T12:01:01.469Z,0,149,100.0,1028.19,01-Nov-2023,84.23700000000001
65423dfd637fbcb8f0f3cdb8,CHOLAFIN,N6,N,1005.92,1005.92,1005.92,1005.92,1005.92,1005.7,1150,1156808.0,1017.58,987.1,3,INE121A07RH2,2023-11-01,2023-10-31 18:30:00+00:00,2023-11-01T12:01:01.942Z,2023-11-01T12:01:01.942Z,0,1150,100.0,1005.92,01-Nov-2023,85.02133333333333
65438f8057068b03d24e47d4,CHOLAFIN,EQ,N,1193.9,1141.2,1152.5,1177.45,1185.9,1149.0,1331739,1552207883.6,1272.9,658.0,66897,INE121A01024,2023-11-02,2023-11-01 18:30:00+00:00,2023-11-02T12:01:04.828Z,2023-11-02T12:01:04.828Z,0,470128,35.3,1165.55,02-Nov-2023,84.27733333333335
65438f7d57068b03d24e3e9e,CHOLAFIN,N0,N,1040.0,1040.0,1040.0,1040.0,1040.0,1030.0,9,9360.0,1044.0,1000.0,1,INE121A07RB5,2023-11-02,2023-11-01 18:30:00+00:00,2023-11-02T12:01:01.717Z,2023-11-02T12:01:01.717Z,0,9,100.0,1040.0,02-Nov-2023,84.27733333333335
65438f7d57068b03d24e3e9f,CHOLAFIN,N4,N,1030.0,1030.0,1030.0,1030.0,1030.0,1034.0,200,206000.0,1037.99,995.0,1,INE121A07QY9,2023-11-02,2023-11-01 18:30:00+00:00,2023-11-02T12:01:01.726Z,2023-11-02T12:01:01.726Z,0,200,100.0,1030.0,02-Nov-2023,84.27733333333335
65438f7e57068b03d24e4045,CHOLAFIN,N6,N,1010.0,1006.25,1006.25,1010.0,1010.0,1005.92,500,504337.5,1017.58,987.1,8,INE121A07RH2,2023-11-02,2023-11-01 18:30:00+00:00,2023-11-02T12:01:02.253Z,2023-11-02T12:01:02.253Z,0,500,100.0,1008.68,02-Nov-2023,84.27733333333335
65438f7e57068b03d24e4046,CHOLAFIN,N7,N,950.0,900.0,900.0,900.0,900.0,1000.0,200,182000.0,1030.0,900.0,3,INE121A07RG4,2023-11-02,2023-11-01 18:30:00+00:00,2023-11-02T12:01:02.253Z,2023-11-02T12:01:02.253Z,0,200,100.0,910.0,02-Nov-2023,86.51866666666668
65438f7e57068b03d24e4047,CHOLAFIN,NA,N,1011.25,1011.25,1011.25,1011.25,1011.25,1010.77,10,10112.5,1016.4,994.36,1,INE121A07RE9,2023-11-02,2023-11-01 18:30:00+00:00,2023-11-02T12:01:02.254Z,2023-11-02T12:01:02.254Z,0,10,100.0,1011.25,02-Nov-2023,86.51866666666668
6544e100a8d9736da5eca613,CHOLAFIN,EQ,N,1217.5,1128.5,1190.05,1134.3,1135.0,1177.45,4353899,5066557248.8,1272.9,658.0,132661,INE121A01024,2023-11-03,2023-11-02 18:30:00+00:00,2023-11-03T12:01:04.380Z,2023-11-03T12:01:04.380Z,0,2136185,49.06,1163.68,03-Nov-2023,86.48733333333334
6544e0fea8d9736da5ec9caf,CHOLAFIN,N0,N,1044.99,1044.99,1044.99,1044.99,1044.99,1040.0,1,1044.99,1044.99,1000.0,1,INE121A07RB5,2023-11-03,2023-11-02 18:30:00+00:00,2023-11-03T12:01:02.265Z,2023-11-03T12:01:02.265Z,0,1,100.0,1044.99,03-Nov-2023,86.48733333333334
6544e0fea8d9736da5ec9cb0,CHOLAFIN,N4,N,1043.0,1034.0,1034.0,1043.0,1043.0,1030.0,105,109065.0,1043.0,995.0,3,INE121A07QY9,2023-11-03,2023-11-02 18:30:00+00:00,2023-11-03T12:01:02.255Z,2023-11-03T12:01:02.255Z,0,105,100.0,1038.71,03-Nov-2023,88.84500000000001
6544e0fea8d9736da5ec9e5a,CHOLAFIN,N7,N,1002.0,1002.0,1002.0,1002.0,1002.0,900.0,1000,1002000.0,1030.0,900.0,6,INE121A07RG4,2023-11-03,2023-11-02 18:30:00+00:00,2023-11-03T12:01:02.646Z,2023-11-03T12:01:02.646Z,0,1000,100.0,1002.0,03-Nov-2023,88.84500000000001
6544e0fea8d9736da5ec9e5b,CHOLAFIN,NA,N,1011.94,1011.94,1011.94,1011.94,1011.94,1011.25,2,2023.88,1016.4,994.36,1,INE121A07RE9,2023-11-03,2023-11-02 18:30:00+00:00,2023-11-03T12:01:02.653Z,2023-11-03T12:01:02.653Z,0,2,100.0,1011.94,03-Nov-2023,88.84500000000001
6548d7d895404c48e146f3ca,CHOLAFIN,EQ,N,1155.0,1121.0,1142.0,1152.35,1152.0,1134.3,1566013,1787291647.95,1272.9,658.0,68118,INE121A01024,2023-11-06,2023-11-05 18:30:00+00:00,2023-11-06T12:11:04.147Z,2023-11-06T12:11:04.147Z,0,596600,38.1,1141.3,06-Nov-2023,86.78166666666668
6548d7d595404c48e146ea8c,CHOLAFIN,N2,N,1021.17,1021.17,1021.17,1021.17,1021.17,1021.16,9,9190.53,1224.0,990.0,1,INE121A07QW3,2023-11-06,2023-11-05 18:30:00+00:00,2023-11-06T12:11:01.551Z,2023-11-06T12:11:01.551Z,0,9,100.0,1021.17,06-Nov-2023,86.78166666666668
6548d7d595404c48e146ec37,CHOLAFIN,N6,N,1007.15,1007.15,1007.15,1007.15,1007.15,1010.0,1102,1109879.3,1017.58,987.1,11,INE121A07RH2,2023-11-06,2023-11-05 18:30:00+00:00,2023-11-06T12:11:01.959Z,2023-11-06T12:11:01.959Z,0,1102,100.0,1007.15,06-Nov-2023,86.78166666666668
654a26ff1d5cc51db43d4c6a,CHOLAFIN,EQ,N,1156.0,1113.0,1156.0,1142.4,1145.9,1152.35,2579066,2927943698.0,1272.9,658.0,145851,INE121A01024,2023-11-07,2023-11-06 18:30:00+00:00,2023-11-07T12:01:03.727Z,2023-11-07T12:01:03.727Z,0,898587,34.84,1135.27,07-Nov-2023,85.99766666666667
654a26fd1d5cc51db43d4336,CHOLAFIN,N0,N,1044.95,1044.95,1044.95,1044.95,1044.95,1044.99,1,1044.95,1044.99,1000.0,1,INE121A07RB5,2023-11-07,2023-11-06 18:30:00+00:00,2023-11-07T12:01:01.577Z,2023-11-07T12:01:01.577Z,0,1,100.0,1044.95,07-Nov-2023,87.60033333333334
654a26fd1d5cc51db43d4337,CHOLAFIN,N4,N,1044.0,1044.0,1044.0,1044.0,1044.0,1043.0,200,208800.0,1044.0,995.0,2,INE121A07QY9,2023-11-07,2023-11-06 18:30:00+00:00,2023-11-07T12:01:01.569Z,2023-11-07T12:01:01.569Z,0,200,100.0,1044.0,07-Nov-2023,87.60033333333334
654a26fd1d5cc51db43d44e3,CHOLAFIN,N7,N,1002.0,1002.0,1002.0,1002.0,1002.0,1002.0,10,10020.0,1030.0,900.0,1,INE121A07RG4,2023-11-07,2023-11-06 18:30:00+00:00,2023-11-07T12:01:02.006Z,2023-11-07T12:01:02.006Z,0,10,100.0,1002.0,07-Nov-2023,87.60033333333334
654b7880879d4c6075df8b68,CHOLAFIN,EQ,N,1149.5,1130.7,1144.0,1143.15,1141.0,1142.4,784749,895507050.5,1272.9,658.0,36538,INE121A01024,2023-11-08,2023-11-07 18:30:00+00:00,2023-11-08T12:01:04.267Z,2023-11-08T12:01:04.267Z,0,324825,41.39,1141.14,08-Nov-2023,87.11166666666666
654b787e879d4c6075df81ff,CHOLAFIN,N0,N,1035.0,1035.0,1035.0,1035.0,1035.0,1044.95,11,11385.0,1044.99,1000.0,1,INE121A07RB5,2023-11-08,2023-11-07 18:30:00+00:00,2023-11-08T12:01:02.171Z,2023-11-08T12:01:02.171Z,0,11,100.0,1035.0,08-Nov-2023,87.11166666666666
654b787e879d4c6075df83bb,CHOLAFIN,N6,N,1007.81,1007.81,1007.81,1007.81,1007.81,1007.15,10,10078.1,1017.58,987.1,1,INE121A07RH2,2023-11-08,2023-11-07 18:30:00+00:00,2023-11-08T12:01:02.595Z,2023-11-08T12:01:02.595Z,0,10,100.0,1007.81,08-Nov-2023,87.11166666666666
654cca0075231d5b067c418a,CHOLAFIN,EQ,N,1155.85,1135.25,1148.4,1152.05,1149.6,1143.15,806956,926932078.7,1272.9,658.0,38451,INE121A01024,2023-11-09,2023-11-08 18:30:00+00:00,2023-11-09T12:01:04.032Z,2023-11-09T12:01:04.032Z,0,420369,52.09,1148.68,09-Nov-2023,85.51466666666667
654cc9fe75231d5b067c39c4,CHOLAFIN,N6,N,1008.52,1007.85,1007.85,1008.52,1008.52,1007.81,450,453727.5,1017.58,987.1,3,INE121A07RH2,2023-11-09,2023-11-08 18:30:00+00:00,2023-11-09T12:01:02.100Z,2023-11-09T12:01:02.100Z,0,450,100.0,1008.28,09-Nov-2023,85.51466666666667
654e1b80075c0a42c2f40996,CHOLAFIN,EQ,N,1151.8,1132.05,1149.95,1148.25,1147.65,1152.05,650284,744056288.1,1272.9,658.0,40790,INE121A01024,2023-11-10,2023-11-09 18:30:00+00:00,2023-11-10T12:01:04.754Z,2023-11-10T12:01:04.754Z,0,269792,41.49,1144.2,10-Nov-2023,83.56433333333332
654e1b7e075c0a42c2f40208,CHOLAFIN,NB,N,975.0,975.0,975.0,975.0,975.0,1000.0,15,14625.0,1004.5,975.0,1,INE121A07RI0,2023-11-10,2023-11-09 18:30:00+00:00,2023-11-10T12:01:02.634Z,2023-11-10T12:01:02.634Z,0,15,100.0,975.0,10-Nov-2023,83.56433333333332
6550ec6f89ff78055182592d,CHOLAFIN,EQ,N,1160.0,1149.0,1157.8,1151.5,1150.5,1148.25,50964,58829789.2,1272.9,658.0,3152,INE121A01024,2023-11-12,2023-11-11 18:30:00+00:00,2023-11-12T15:17:03.935Z,2023-11-12T15:17:03.935Z,0,19657,38.57,1154.34,12-Nov-2023,83.137
6550ec6e89ff780551825272,CHOLAFIN,NA,N,1049.0,1049.0,1049.0,1049.0,1049.0,1011.94,45,47205.0,1049.0,994.36,1,INE121A07RE9,2023-11-12,2023-11-11 18:30:00+00:00,2023-11-12T15:17:02.312Z,2023-11-12T15:17:02.312Z,0,45,100.0,1049.0,12-Nov-2023,83.137
6552100018337c1b15d49fa7,CHOLAFIN,EQ,N,1153.55,1135.0,1147.95,1148.9,1150.0,1151.5,979664,1123267159.6,1272.9,658.0,79105,INE121A01024,2023-11-13,2023-11-12 18:30:00+00:00,2023-11-13T12:01:04.198Z,2023-11-13T12:01:04.198Z,0,442054,45.12,1146.58,13-Nov-2023,82.532
65520ffe18337c1b15d497e9,CHOLAFIN,N7,N,1002.0,1002.0,1002.0,1002.0,1002.0,1002.0,500,501000.0,1030.0,900.0,2,INE121A07RG4,2023-11-13,2023-11-12 18:30:00+00:00,2023-11-13T12:01:02.438Z,2023-11-13T12:01:02.438Z,0,500,100.0,1002.0,13-Nov-2023,82.532
65520ffe18337c1b15d497ea,CHOLAFIN,NA,N,1049.0,1049.0,1049.0,1049.0,1049.0,1049.0,40,41960.0,1049.0,994.36,1,INE121A07RE9,2023-11-13,2023-11-12 18:30:00+00:00,2023-11-13T12:01:02.444Z,2023-11-13T12:01:02.444Z,0,40,100.0,1049.0,13-Nov-2023,82.532
6554b3184157181b522b9395,CHOLAFIN,EQ,N,1174.6,1154.0,1165.0,1166.75,1169.0,1148.9,1514890,1765519231.25,1272.9,658.0,56576,INE121A01024,2023-11-15,2023-11-14 18:30:00+00:00,2023-11-15T12:01:28.866Z,2023-11-15T12:01:28.866Z,0,958015,63.24,1165.44,15-Nov-2023,83.46333333333332
6554b3154157181b522b896e,CHOLAFIN,N0,N,1035.0,1030.0,1031.0,1035.0,1035.0,1035.0,200,206350.0,1044.99,1000.0,4,INE121A07RB5,2023-11-15,2023-11-14 18:30:00+00:00,2023-11-15T12:01:25.991Z,2023-11-15T12:01:25.991Z,0,200,100.0,1031.75,15-Nov-2023,83.46333333333332
6554b3164157181b522b8b4d,CHOLAFIN,NA,N,1053.45,1053.45,1053.45,1053.45,1053.45,1049.0,15,15801.75,1053.45,994.36,1,INE121A07RE9,2023-11-15,2023-11-14 18:30:00+00:00,2023-11-15T12:01:26.565Z,2023-11-15T12:01:26.565Z,0,15,100.0,1053.45,15-Nov-2023,83.46333333333332
655604817827e57e5832cb5f,CHOLAFIN,EQ,N,1176.1,1156.0,1168.95,1165.3,1162.2,1166.75,848317,990425670.25,1272.9,658.0,55597,INE121A01024,2023-11-16,2023-11-15 18:30:00+00:00,2023-11-16T12:01:05.323Z,2023-11-16T12:01:05.323Z,0,431589,50.88,1167.52,16-Nov-2023,81.826
6556047e7827e57e5832c1be,CHOLAFIN,N0,N,1035.0,1035.0,1035.0,1035.0,1035.0,1035.0,10,10350.0,1044.99,1000.0,1,INE121A07RB5,2023-11-16,2023-11-15 18:30:00+00:00,2023-11-16T12:01:02.241Z,2023-11-16T12:01:02.241Z,0,10,100.0,1035.0,16-Nov-2023,81.826
6556047e7827e57e5832c382,CHOLAFIN,N6,N,1014.0,1014.0,1014.0,1014.0,1014.0,1008.52,50,50700.0,1017.58,987.1,1,INE121A07RH2,2023-11-16,2023-11-15 18:30:00+00:00,2023-11-16T12:01:02.793Z,2023-11-16T12:01:02.793Z,0,50,100.0,1014.0,16-Nov-2023,81.826
65575600e1720fcb41e4a084,CHOLAFIN,EQ,N,1148.8,1115.85,1142.05,1126.4,1125.0,1165.3,2028903,2291651622.85,1272.9,658.0,125789,INE121A01024,2023-11-17,2023-11-16 18:30:00+00:00,2023-11-17T12:01:04.306Z,2023-11-17T12:01:04.306Z,0,1035932,51.06,1129.5,17-Nov-2023,81.89266666666666
655755fee1720fcb41e496ea,CHOLAFIN,N4,N,1039.99,1039.99,1039.99,1039.99,1039.99,1044.0,50,51999.5,1044.0,995.0,1,INE121A07QY9,2023-11-17,2023-11-16 18:30:00+00:00,2023-11-17T12:01:02.027Z,2023-11-17T12:01:02.027Z,0,50,100.0,1039.99,17-Nov-2023,81.89266666666666
655b4a803f0ac52423696f78,CHOLAFIN,EQ,N,1138.6,1120.7,1129.9,1126.65,1126.3,1126.4,2168137,2445722286.0,1272.9,658.0,77948,INE121A01024,2023-11-20,2023-11-19 18:30:00+00:00,2023-11-20T12:01:04.070Z,2023-11-20T12:01:04.070Z,0,1466798,67.65,1128.03,20-Nov-2023,80.81433333333332
655b4a7d3f0ac524236965f8,CHOLAFIN,N3,N,1000.0,1000.0,1000.0,1000.0,1000.0,1000.0,25,25000.0,1000.0,1000.0,1,INE121A07QZ6,2023-11-20,2023-11-19 18:30:00+00:00,2023-11-20T12:01:01.680Z,2023-11-20T12:01:01.680Z,0,25,100.0,1000.0,20-Nov-2023,80.81433333333332
655b4a7d3f0ac524236965f9,CHOLAFIN,N4,N,1040.0,1039.99,1040.0,1039.99,1039.99,1039.99,520,540799.95,1044.0,995.0,11,INE121A07QY9,2023-11-20,2023-11-19 18:30:00+00:00,2023-11-20T12:01:01.684Z,2023-11-20T12:01:01.684Z,0,370,71.15,1040.0,20-Nov-2023,79.85266666666666
655b4a7e3f0ac524236967b9,CHOLAFIN,N6,N,1018.13,1018.13,1018.13,1018.13,1018.13,1014.0,100,101813.0,1018.13,987.1,1,INE121A07RH2,2023-11-20,2023-11-19 18:30:00+00:00,2023-11-20T12:01:02.217Z,2023-11-20T12:01:02.217Z,0,100,100.0,1018.13,20-Nov-2023,81.916
655b4a7e3f0ac524236967ba,CHOLAFIN,NA,N,1019.0,1019.0,1019.0,1019.0,1019.0,1053.45,280,285320.0,1053.45,994.36,4,INE121A07RE9,2023-11-20,2023-11-19 18:30:00+00:00,2023-11-20T12:01:02.224Z,2023-11-20T12:01:02.224Z,0,280,100.0,1019.0,20-Nov-2023,81.916
655c9c003e05bb7dba49ee6c,CHOLAFIN,EQ,N,1132.9,1097.6,1126.0,1103.85,1103.9,1126.65,3119172,3468792961.8,1272.9,658.0,130536,INE121A01024,2023-11-21,2023-11-20 18:30:00+00:00,2023-11-21T12:01:04.788Z,2023-11-21T12:01:04.788Z,0,2047080,65.63,1112.09,21-Nov-2023,80.77033333333334
655c9bfd3e05bb7dba49e4eb,CHOLAFIN,N0,N,1050.0,1036.28,1036.28,1050.0,1050.0,1035.0,15,15612.8,1050.0,1000.0,2,INE121A07RB5,2023-11-21,2023-11-20 18:30:00+00:00,2023-11-21T12:01:01.932Z,2023-11-21T12:01:01.932Z,0,15,100.0,1040.85,21-Nov-2023,82.94233333333334
655c9bfd3e05bb7dba49e4ec,CHOLAFIN,N4,N,1030.0,1029.0,1029.0,1029.2,1030.0,1039.99,500,514600.0,1044.0,995.0,2,INE121A07QY9,2023-11-21,2023-11-20 18:30:00+00:00,2023-11-21T12:01:01.934Z,2023-11-21T12:01:01.934Z,0,500,100.0,1029.2,21-Nov-2023,82.94233333333334
655c9bfe3e05bb7dba49e6b5,CHOLAFIN,N6,N,1010.75,1010.75,1010.75,1010.75,1010.75,1018.13,250,252687.5,1018.13,987.1,1,INE121A07RH2,2023-11-21,2023-11-20 18:30:00+00:00,2023-11-21T12:01:02.603Z,2023-11-21T12:01:02.603Z,0,250,100.0,1010.75,21-Nov-2023,82.94233333333334
655c9bfe3e05bb7dba49e6b6,CHOLAFIN,NA,N,1016.25,1016.25,1016.25,1016.25,1016.25,1019.0,25,25406.25,1053.45,994.36,1,INE121A07RE9,2023-11-21,2023-11-20 18:30:00+00:00,2023-11-21T12:01:02.606Z,2023-11-21T12:01:02.606Z,0,25,100.0,1016.25,21-Nov-2023,82.94233333333334
655ded801585b31c379db0d7,CHOLAFIN,EQ,N,1133.95,1101.75,1103.85,1120.95,1121.4,1103.85,1708687,1917880743.95,1272.9,658.0,82842,INE121A01024,2023-11-22,2023-11-21 18:30:00+00:00,2023-11-22T12:01:04.034Z,2023-11-22T12:01:04.034Z,0,868078,50.8,1122.43,22-Nov-2023,83.256
655ded7d1585b31c379da75b,CHOLAFIN,N0,N,1050.0,1038.83,1049.95,1038.83,1038.83,1050.0,40,41664.65,1050.0,1000.0,4,INE121A07RB5,2023-11-22,2023-11-21 18:30:00+00:00,2023-11-22T12:01:01.540Z,2023-11-22T12:01:01.540Z,0,40,100.0,1041.62,22-Nov-2023,83.256
655ded7e1585b31c379da919,CHOLAFIN,N7,N,1002.0,1002.0,1002.0,1002.0,1002.0,1002.0,100,100200.0,1030.0,900.0,2,INE121A07RG4,2023-11-22,2023-11-21 18:30:00+00:00,2023-11-22T12:01:02.042Z,2023-11-22T12:01:02.042Z,0,100,100.0,1002.0,22-Nov-2023,83.256
655f3f001090432024b6998b,CHOLAFIN,EQ,N,1137.0,1112.45,1130.0,1115.0,1115.0,1120.95,696088,778732560.75,1272.9,658.0,52882,INE121A01024,2023-11-23,2023-11-22 18:30:00+00:00,2023-11-23T12:01:04.805Z,2023-11-23T12:01:04.805Z,0,344154,49.44,1118.73,23-Nov-2023,83.16766666666666
655f3efe1090432024b69032,CHOLAFIN,N1,N,1033.0,950.0,950.0,1033.0,1033.0,1028.0,125,120770.0,1033.0,950.0,4,INE121A07RA7,2023-11-23,2023-11-22 18:30:00+00:00,2023-11-23T12:01:02.317Z,2023-11-23T12:01:02.317Z,0,100,80.0,966.16,23-Nov-2023,82.50099999999999
655f3efe1090432024b691f6,CHOLAFIN,N6,N,1015.0,1015.0,1015.0,1015.0,1015.0,1010.75,40,40600.0,1018.13,987.1,1,INE121A07RH2,2023-11-23,2023-11-22 18:30:00+00:00,2023-11-23T12:01:02.805Z,2023-11-23T12:01:02.805Z,0,40,100.0,1015.0,23-Nov-2023,84.45133333333334
6560907fd6b5a44efeb3c21d,CHOLAFIN,EQ,N,1124.15,1091.3,1117.0,1094.5,1095.7,1115.0,1350899,1486839110.1,1272.9,658.0,81649,INE121A01024,2023-11-24,2023-11-23 18:30:00+00:00,2023-11-24T12:01:03.779Z,2023-11-24T12:01:03.779Z,0,797943,59.07,1100.63,24-Nov-2023,83.087
6565d680eebd226fdec84813,CHOLAFIN,EQ,N,1108.0,1085.4,1092.05,1106.25,1105.15,1094.5,2445247,2679742000.4,1272.9,658.0,114366,INE121A01024,2023-11-28,2023-11-27 18:30:00+00:00,2023-11-28T12:01:04.158Z,2023-11-28T12:01:04.158Z,0,1644244,67.24,1095.9,28-Nov-2023,84.04266666666666
6565d67eeebd226fdec84037,CHOLAFIN,N6,N,1011.0,1001.0,1011.0,1003.0,1003.0,1015.0,400,401617.95,1018.13,987.1,10,INE121A07RH2,2023-11-28,2023-11-27 18:30:00+00:00,2023-11-28T12:01:02.168Z,2023-11-28T12:01:02.168Z,0,400,100.0,1004.04,28-Nov-2023,84.04266666666666
6567280045164acaeba0086a,CHOLAFIN,EQ,N,1119.5,1102.25,1109.0,1110.45,1109.1,1106.25,967327,1074805081.65,1272.9,658.0,82636,INE121A01024,2023-11-29,2023-11-28 18:30:00+00:00,2023-11-29T12:01:04.592Z,2023-11-29T12:01:04.592Z,0,550755,56.94,1111.11,29-Nov-2023,84.43666666666667
656727fd45164acaeb9ffef9,CHOLAFIN,N0,N,1042.82,1038.83,1042.82,1038.83,1038.83,1038.83,20,20816.5,1050.0,1000.0,2,INE121A07RB5,2023-11-29,2023-11-28 18:30:00+00:00,2023-11-29T12:01:01.989Z,2023-11-29T12:01:01.989Z,0,20,100.0,1040.83,29-Nov-2023,84.43666666666667
656727fd45164acaeb9ffefa,CHOLAFIN,N4,N,1030.0,1030.0,1030.0,1030.0,1030.0,1029.2,200,206000.0,1044.0,995.0,1,INE121A07QY9,2023-11-29,2023-11-28 18:30:00+00:00,2023-11-29T12:01:01.998Z,2023-11-29T12:01:01.998Z,0,200,100.0,1030.0,29-Nov-2023,84.43666666666667
6568797f1ea8db5878402c5e,CHOLAFIN,EQ,N,1126.0,1099.55,1109.95,1117.45,1118.5,1110.45,4152570,4613698098.65,1272.9,658.0,138124,INE121A01024,2023-11-30,2023-11-29 18:30:00+00:00,2023-11-30T12:01:03.735Z,2023-11-30T12:01:03.735Z,0,3312409,79.77,1111.05,30-Nov-2023,84.98766666666667
6568797d1ea8db58784022d4,CHOLAFIN,N0,N,1050.0,1030.01,1030.01,1047.99,1047.99,1038.83,200,209369.9,1050.0,1000.0,4,INE121A07RB5,2023-11-30,2023-11-29 18:30:00+00:00,2023-11-30T12:01:01.519Z,2023-11-30T12:01:01.519Z,0,200,100.0,1046.85,30-Nov-2023,84.98766666666667
6568797e1ea8db5878402488,CHOLAFIN,N6,N,1003.03,1003.01,1003.03,1003.01,1003.01,1003.0,100,100301.56,1018.13,987.1,3,INE121A07RH2,2023-11-30,2023-11-29 18:30:00+00:00,2023-11-30T12:01:02.034Z,2023-11-30T12:01:02.034Z,0,100,100.0,1003.02,30-Nov-2023,84.98766666666667
6568797e1ea8db5878402489,CHOLAFIN,N7,N,1002.0,1002.0,1002.0,1002.0,1002.0,1002.0,50,50100.0,1030.0,900.0,1,INE121A07RG4,2023-11-30,2023-11-29 18:30:00+00:00,2023-11-30T12:01:02.036Z,2023-11-30T12:01:02.036Z,0,50,100.0,1002.0,30-Nov-2023,86.625
6568797e1ea8db587840248a,CHOLAFIN,NB,N,1000.0,1000.0,1000.0,1000.0,1000.0,975.0,50,50000.0,1004.5,975.0,1,INE121A07RI0,2023-11-30,2023-11-29 18:30:00+00:00,2023-11-30T12:01:02.040Z,2023-11-30T12:01:02.040Z,0,50,100.0,1000.0,30-Nov-2023,86.625
6569cb00d3a7a71b97dde50e,CHOLAFIN,EQ,N,1139.0,1120.0,1128.6,1128.2,1123.9,1117.45,1040604,1172885536.8,1272.9,658.0,56353,INE121A01024,2023-12-01,2023-11-30 18:30:00+00:00,2023-12-01T12:01:04.252Z,2023-12-01T12:01:04.252Z,0,579882,55.73,1127.12,01-Dec-2023,85.14933333333333
6569cafdd3a7a71b97ddda90,CHOLAFIN,N0,N,1045.0,1040.0,1045.0,1040.0,1040.0,1047.99,65,67875.0,1050.0,1000.0,4,INE121A07RB5,2023-12-01,2023-11-30 18:30:00+00:00,2023-12-01T12:01:01.603Z,2023-12-01T12:01:01.603Z,0,65,100.0,1044.23,01-Dec-2023,86.78066666666668
